region,country,type
AFE,SSD,region
AFE,MWI,region
AFE,SWZ,region
AFE,KEN,region
AFE,MDG,region
AFE,STP,region
AFE,MOZ,region
AFE,SYC,region
AFE,ETH,region
AFE,MUS,region
AFE,COD,region
AFE,BWA,region
AFE,LSO,region
AFE,UGA,region
AFE,SOM,region
AFE,TZA,region
AFE,SDN,region
AFE,ZAF,region
AFE,ZWE,region
AFE,AGO,region
AFE,COM,region
AFE,RWA,region
AFE,NAM,region
AFE,BDI,region
AFE,ZMB,region
AFE,ERI,region
AFR,SSD,region
AFR,MWI,region
AFR,CIV,region
AFR,TUN,region
AFR,SWZ,region
AFR,KEN,region
AFR,MDG,region
AFR,STP,region
AFR,CAF,region
AFR,GNB,region
AFR,GMB,region
AFR,BEN,region
AFR,GHA,region
AFR,MOZ,region
AFR,CPV,region
AFR,DJI,region
AFR,GIN,region
AFR,MAR,region
AFR,SYC,region
AFR,GNQ,region
AFR,ETH,region
AFR,GAB,region
AFR,MLI,region
AFR,MUS,region
AFR,COD,region
AFR,NGA,region
AFR,BWA,region
AFR,LSO,region
AFR,SEN,region
AFR,UGA,region
AFR,DZA,region
AFR,SOM,region
AFR,TZA,region
AFR,SDN,region
AFR,ZAF,region
AFR,ZWE,region
AFR,AGO,region
AFR,BFA,region
AFR,MRT,region
AFR,COM,region
AFR,RWA,region
AFR,LBY,region
AFR,TGO,region
AFR,TCD,region
AFR,COG,region
AFR,EGY,region
AFR,BDI,region
AFR,NAM,region
AFR,NER,region
AFR,ZMB,region
AFR,SLE,region
AFR,ERI,region
AFR,LBR,region
AFR,CMR,region
AFW,CAF,region
AFW,GNB,region
AFW,GMB,region
AFW,BEN,region
AFW,GHA,region
AFW,CPV,region
AFW,GIN,region
AFW,GNQ,region
AFW,GAB,region
AFW,MLI,region
AFW,NGA,region
AFW,SEN,region
AFW,BFA,region
AFW,MRT,region
AFW,TGO,region
AFW,TCD,region
AFW,COG,region
AFW,NER,region
AFW,SLE,region
AFW,CIV,region
AFW,LBR,region
AFW,CMR,region
ARB,SAU,region
ARB,TUN,region
ARB,IRQ,region
ARB,PSE,region
ARB,DJI,region
ARB,MAR,region
ARB,LBN,region
ARB,QAT,region
ARB,SYR,region
ARB,DZA,region
ARB,SOM,region
ARB,SDN,region
ARB,YEM,region
ARB,MRT,region
ARB,COM,region
ARB,OMN,region
ARB,LBY,region
ARB,BHR,region
ARB,KWT,region
ARB,ARE,region
ARB,JOR,region
ARB,EGY,region
CAA,SSD,region
CAA,MWI,region
CAA,CIV,region
CAA,SWZ,region
CAA,KEN,region
CAA,MDG,region
CAA,STP,region
CAA,CAF,region
CAA,GNB,region
CAA,GMB,region
CAA,BEN,region
CAA,GHA,region
CAA,MOZ,region
CAA,CPV,region
CAA,DJI,region
CAA,GIN,region
CAA,SYC,region
CAA,GNQ,region
CAA,ETH,region
CAA,GAB,region
CAA,MLI,region
CAA,MUS,region
CAA,COD,region
CAA,NGA,region
CAA,BWA,region
CAA,LSO,region
CAA,SEN,region
CAA,UGA,region
CAA,SOM,region
CAA,TZA,region
CAA,SDN,region
CAA,ZAF,region
CAA,ZWE,region
CAA,AGO,region
CAA,BFA,region
CAA,MRT,region
CAA,COM,region
CAA,RWA,region
CAA,TGO,region
CAA,TCD,region
CAA,COG,region
CAA,NAM,region
CAA,BDI,region
CAA,NER,region
CAA,ZMB,region
CAA,SLE,region
CAA,ERI,region
CAA,LBR,region
CAA,CMR,region
CEA,MHL,region
CEA,VUT,region
CEA,PHL,region
CEA,GUM,region
CEA,HKG,region
CEA,FSM,region
CEA,PNG,region
CEA,MNG,region
CEA,TUV,region
CEA,KHM,region
CEA,WSM,region
CEA,VNM,region
CEA,NCL,region
CEA,KIR,region
CEA,FJI,region
CEA,MMR,region
CEA,CHN,region
CEA,ASM,region
CEA,SGP,region
CEA,PRK,region
CEA,KOR,region
CEA,TWN,region
CEA,MYS,region
CEA,TON,region
CEA,PYF,region
CEA,MAC,region
CEA,MNP,region
CEA,SLB,region
CEA,THA,region
CEA,TLS,region
CEA,IDN,region
CEA,PLW,region
CEA,LAO,region
CEA,BRN,region
CEB,HUN,region
CEB,ROU,region
CEB,SVN,region
CEB,BGR,region
CEB,LTU,region
CEB,EST,region
CEB,POL,region
CEB,HRV,region
CEB,LVA,region
CEB,CZE,region
CEB,SVK,region
CEU,HUN,region
CEU,SVN,region
CEU,MDA,region
CEU,EST,region
CEU,ARM,region
CEU,POL,region
CEU,UZB,region
CEU,TJK,region
CEU,RUS,region
CEU,XKX,region
CEU,UKR,region
CEU,TKM,region
CEU,MNE,region
CEU,KAZ,region
CEU,BGR,region
CEU,ALB,region
CEU,MLT,region
CEU,HRV,region
CEU,GEO,region
CEU,KGZ,region
CEU,LTU,region
CEU,SRB,region
CEU,BLR,region
CEU,CZE,region
CEU,ROU,region
CEU,MKD,region
CEU,BIH,region
CEU,LVA,region
CEU,AZE,region
CEU,TUR,region
CEU,SVK,region
CLA,GRD,region
CLA,KNA,region
CLA,JAM,region
CLA,SLV,region
CLA,ECU,region
CLA,ABW,region
CLA,DOM,region
CLA,TTO,region
CLA,HTI,region
CLA,CRI,region
CLA,CHL,region
CLA,BLZ,region
CLA,CUW,region
CLA,NIC,region
CLA,VEN,region
CLA,DMA,region
CLA,LCA,region
CLA,BMU,region
CLA,URY,region
CLA,BRA,region
CLA,GUY,region
CLA,GTM,region
CLA,CYM,region
CLA,ATG,region
CLA,BOL,region
CLA,SXM,region
CLA,PER,region
CLA,VIR,region
CLA,MEX,region
CLA,HND,region
CLA,PRI,region
CLA,ARG,region
CLA,BRB,region
CLA,COL,region
CLA,PAN,region
CLA,PRY,region
CLA,SUR,region
CLA,VCT,region
CLA,BHS,region
CME,SAU,region
CME,TUN,region
CME,IRQ,region
CME,PSE,region
CME,MAR,region
CME,LBN,region
CME,QAT,region
CME,IRN,region
CME,SYR,region
CME,DZA,region
CME,YEM,region
CME,AFG,region
CME,OMN,region
CME,LBY,region
CME,BHR,region
CME,KWT,region
CME,PAK,region
CME,ARE,region
CME,JOR,region
CME,EGY,region
CSA,NPL,region
CSA,MDV,region
CSA,LKA,region
CSA,IND,region
CSA,BGD,region
CSA,BTN,region
CSS,DMA,region
CSS,GRD,region
CSS,LCA,region
CSS,KNA,region
CSS,JAM,region
CSS,BRB,region
CSS,SUR,region
CSS,GUY,region
CSS,TTO,region
CSS,VCT,region
CSS,BLZ,region
CSS,ATG,region
CSS,BHS,region
EAP,MHL,region
EAP,VUT,region
EAP,PHL,region
EAP,FSM,region
EAP,PNG,region
EAP,MNG,region
EAP,TUV,region
EAP,KHM,region
EAP,WSM,region
EAP,VNM,region
EAP,KIR,region
EAP,FJI,region
EAP,MMR,region
EAP,CHN,region
EAP,ASM,region
EAP,PRK,region
EAP,MYS,region
EAP,TON,region
EAP,SLB,region
EAP,THA,region
EAP,TLS,region
EAP,IDN,region
EAP,LAO,region
EAR,SAU,region
EAR,GRD,region
EAR,VUT,region
EAR,PHL,region
EAR,SWZ,region
EAR,UZB,region
EAR,SLV,region
EAR,IND,region
EAR,FSM,region
EAR,TJK,region
EAR,ECU,region
EAR,DOM,region
EAR,PNG,region
EAR,NPL,region
EAR,KHM,region
EAR,WSM,region
EAR,PSE,region
EAR,TKM,region
EAR,GHA,region
EAR,KIR,region
EAR,MMR,region
EAR,CPV,region
EAR,DJI,region
EAR,HTI,region
EAR,ISR,region
EAR,ETH,region
EAR,GAB,region
EAR,BLZ,region
EAR,BGD,region
EAR,IRN,region
EAR,NIC,region
EAR,VEN,region
EAR,BWA,region
EAR,LSO,region
EAR,SYR,region
EAR,TON,region
EAR,DZA,region
EAR,YEM,region
EAR,ZAF,region
EAR,GTM,region
EAR,ZWE,region
EAR,MDV,region
EAR,BOL,region
EAR,SLB,region
EAR,RWA,region
EAR,PER,region
EAR,LBY,region
EAR,BHR,region
EAR,MEX,region
EAR,PAK,region
EAR,HND,region
EAR,IDN,region
EAR,JOR,region
EAR,ARG,region
EAR,EGY,region
EAR,NAM,region
EAR,PAN,region
EAR,PRY,region
EAR,SUR,region
EAR,LAO,region
EAR,BTN,region
EAR,TUR,region
EAS,MHL,region
EAS,VUT,region
EAS,PHL,region
EAS,GUM,region
EAS,HKG,region
EAS,FSM,region
EAS,JPN,region
EAS,MNG,region
EAS,PNG,region
EAS,TUV,region
EAS,KHM,region
EAS,WSM,region
EAS,VNM,region
EAS,NZL,region
EAS,NCL,region
EAS,KIR,region
EAS,FJI,region
EAS,MMR,region
EAS,CHN,region
EAS,ASM,region
EAS,AUS,region
EAS,SGP,region
EAS,PRK,region
EAS,KOR,region
EAS,TWN,region
EAS,MYS,region
EAS,TON,region
EAS,PYF,region
EAS,MAC,region
EAS,MNP,region
EAS,NRU,region
EAS,SLB,region
EAS,THA,region
EAS,TLS,region
EAS,IDN,region
EAS,PLW,region
EAS,LAO,region
EAS,BRN,region
ECA,TUR,region
ECA,MDA,region
ECA,ARM,region
ECA,UZB,region
ECA,TJK,region
ECA,RUS,region
ECA,XKX,region
ECA,TKM,region
ECA,MNE,region
ECA,KAZ,region
ECA,BGR,region
ECA,ALB,region
ECA,GEO,region
ECA,KGZ,region
ECA,SRB,region
ECA,BLR,region
ECA,ROU,region
ECA,MKD,region
ECA,BIH,region
ECA,AZE,region
ECA,UKR,region
ECS,HUN,region
ECS,SVN,region
ECS,CHI,region
ECS,MDA,region
ECS,GRL,region
ECS,EST,region
ECS,ARM,region
ECS,IRL,region
ECS,ISL,region
ECS,CHE,region
ECS,POL,region
ECS,CYP,region
ECS,PRT,region
ECS,UZB,region
ECS,AUT,region
ECS,LIE,region
ECS,SMR,region
ECS,RUS,region
ECS,TJK,region
ECS,XKX,region
ECS,UKR,region
ECS,FRO,region
ECS,TKM,region
ECS,IMN,region
ECS,ITA,region
ECS,MNE,region
ECS,FRA,region
ECS,BGR,region
ECS,KAZ,region
ECS,ALB,region
ECS,DEU,region
ECS,GIB,region
ECS,GRC,region
ECS,MCO,region
ECS,HRV,region
ECS,GEO,region
ECS,KGZ,region
ECS,LTU,region
ECS,FIN,region
ECS,SWE,region
ECS,SRB,region
ECS,NOR,region
ECS,GBR,region
ECS,BLR,region
ECS,CZE,region
ECS,BEL,region
ECS,DNK,region
ECS,ROU,region
ECS,ESP,region
ECS,MKD,region
ECS,LUX,region
ECS,NLD,region
ECS,BIH,region
ECS,LVA,region
ECS,AND,region
ECS,AZE,region
ECS,TUR,region
ECS,SVK,region
EMU,SVN,region
EMU,EST,region
EMU,IRL,region
EMU,CYP,region
EMU,PRT,region
EMU,AUT,region
EMU,ITA,region
EMU,FRA,region
EMU,MLT,region
EMU,DEU,region
EMU,GRC,region
EMU,LTU,region
EMU,FIN,region
EMU,BEL,region
EMU,ESP,region
EMU,LUX,region
EMU,NLD,region
EMU,LVA,region
EMU,SVK,region
EUU,HUN,region
EUU,SVN,region
EUU,EST,region
EUU,IRL,region
EUU,POL,region
EUU,CYP,region
EUU,PRT,region
EUU,AUT,region
EUU,ITA,region
EUU,FRA,region
EUU,BGR,region
EUU,MLT,region
EUU,DEU,region
EUU,GRC,region
EUU,HRV,region
EUU,LTU,region
EUU,FIN,region
EUU,SWE,region
EUU,CZE,region
EUU,BEL,region
EUU,DNK,region
EUU,ROU,region
EUU,ESP,region
EUU,LUX,region
EUU,NLD,region
EUU,LVA,region
EUU,SVK,region
FCS,MHL,region
FCS,SSD,region
FCS,ARM,region
FCS,FSM,region
FCS,PNG,region
FCS,CAF,region
FCS,TUV,region
FCS,XKX,region
FCS,GNB,region
FCS,IRQ,region
FCS,PSE,region
FCS,AZE,region
FCS,KIR,region
FCS,MOZ,region
FCS,MMR,region
FCS,HTI,region
FCS,LBN,region
FCS,ETH,region
FCS,MLI,region
FCS,COD,region
FCS,NGA,region
FCS,VEN,region
FCS,SYR,region
FCS,SOM,region
FCS,SDN,region
FCS,YEM,region
FCS,AFG,region
FCS,ZWE,region
FCS,BFA,region
FCS,SLB,region
FCS,COM,region
FCS,LBY,region
FCS,TLS,region
FCS,TCD,region
FCS,COG,region
FCS,BDI,region
FCS,NER,region
FCS,ERI,region
FCS,CMR,region
HPC,MWI,region
HPC,MDG,region
HPC,STP,region
HPC,CAF,region
HPC,ERI,region
HPC,GNB,region
HPC,GMB,region
HPC,BEN,region
HPC,GHA,region
HPC,MOZ,region
HPC,GIN,region
HPC,HTI,region
HPC,ETH,region
HPC,MLI,region
HPC,COD,region
HPC,NIC,region
HPC,SEN,region
HPC,UGA,region
HPC,SOM,region
HPC,TZA,region
HPC,SDN,region
HPC,AFG,region
HPC,GUY,region
HPC,BFA,region
HPC,MRT,region
HPC,BOL,region
HPC,COM,region
HPC,RWA,region
HPC,TGO,region
HPC,TCD,region
HPC,HND,region
HPC,COG,region
HPC,BDI,region
HPC,NER,region
HPC,ZMB,region
HPC,SLE,region
HPC,CIV,region
HPC,LBR,region
HPC,CMR,region
LAC,GRD,region
LAC,JAM,region
LAC,SLV,region
LAC,ECU,region
LAC,DOM,region
LAC,CUB,region
LAC,HTI,region
LAC,CRI,region
LAC,BLZ,region
LAC,NIC,region
LAC,DMA,region
LAC,LCA,region
LAC,BRA,region
LAC,GUY,region
LAC,GTM,region
LAC,BOL,region
LAC,PER,region
LAC,MEX,region
LAC,HND,region
LAC,ARG,region
LAC,SUR,region
LAC,COL,region
LAC,PAN,region
LAC,PRY,region
LAC,VCT,region
LCN,GRD,region
LCN,KNA,region
LCN,JAM,region
LCN,SLV,region
LCN,ECU,region
LCN,ABW,region
LCN,DOM,region
LCN,TTO,region
LCN,CUB,region
LCN,HTI,region
LCN,VGB,region
LCN,CRI,region
LCN,CHL,region
LCN,BLZ,region
LCN,MAF,region
LCN,CUW,region
LCN,NIC,region
LCN,VEN,region
LCN,DMA,region
LCN,LCA,region
LCN,URY,region
LCN,BRA,region
LCN,GUY,region
LCN,GTM,region
LCN,CYM,region
LCN,ATG,region
LCN,BOL,region
LCN,SXM,region
LCN,PER,region
LCN,VIR,region
LCN,MEX,region
LCN,HND,region
LCN,PRI,region
LCN,ARG,region
LCN,BRB,region
LCN,COL,region
LCN,PAN,region
LCN,PRY,region
LCN,SUR,region
LCN,TCA,region
LCN,VCT,region
LCN,BHS,region
LDC,BTN,region
LDC,SSD,region
LDC,MWI,region
LDC,VUT,region
LDC,MDG,region
LDC,STP,region
LDC,CAF,region
LDC,TUV,region
LDC,NPL,region
LDC,GNB,region
LDC,KHM,region
LDC,GMB,region
LDC,BEN,region
LDC,KIR,region
LDC,MOZ,region
LDC,MMR,region
LDC,DJI,region
LDC,GIN,region
LDC,HTI,region
LDC,ETH,region
LDC,MLI,region
LDC,BGD,region
LDC,COD,region
LDC,LSO,region
LDC,SEN,region
LDC,UGA,region
LDC,SOM,region
LDC,TZA,region
LDC,SDN,region
LDC,YEM,region
LDC,AFG,region
LDC,AGO,region
LDC,BFA,region
LDC,MRT,region
LDC,SLB,region
LDC,COM,region
LDC,RWA,region
LDC,TGO,region
LDC,TLS,region
LDC,TCD,region
LDC,BDI,region
LDC,NER,region
LDC,ZMB,region
LDC,SLE,region
LDC,LAO,region
LDC,ERI,region
LDC,LBR,region
LTE,MDA,region
LTE,EST,region
LTE,ARM,region
LTE,IRL,region
LTE,TUN,region
LTE,GUM,region
LTE,ISL,region
LTE,POL,region
LTE,CYP,region
LTE,JAM,region
LTE,ABW,region
LTE,MNG,region
LTE,RUS,region
LTE,VNM,region
LTE,TTO,region
LTE,NCL,region
LTE,MNE,region
LTE,KAZ,region
LTE,FJI,region
LTE,SYC,region
LTE,MAR,region
LTE,LBN,region
LTE,ALB,region
LTE,QAT,region
LTE,CHN,region
LTE,MUS,region
LTE,CRI,region
LTE,CHL,region
LTE,GEO,region
LTE,PRK,region
LTE,KGZ,region
LTE,MYS,region
LTE,LCA,region
LTE,LKA,region
LTE,PYF,region
LTE,URY,region
LTE,SRB,region
LTE,BRA,region
LTE,GUY,region
LTE,ROU,region
LTE,OMN,region
LTE,THA,region
LTE,VIR,region
LTE,KWT,region
LTE,ARE,region
LTE,MKD,region
LTE,PRI,region
LTE,COL,region
LTE,VCT,region
LTE,LVA,region
LTE,BRN,region
LTE,AZE,region
LTE,SVK,region
LTE,BHS,region
MDE,SYR,region
MDE,DJI,region
MDE,LBN,region
MDE,YEM,region
MDE,JOR,region
MDE,IRN,region
MDE,IRQ,region
MDE,PSE,region
MEA,SAU,region
MEA,TUN,region
MEA,IRQ,region
MEA,PSE,region
MEA,DJI,region
MEA,MAR,region
MEA,LBN,region
MEA,MLT,region
MEA,QAT,region
MEA,ISR,region
MEA,IRN,region
MEA,SYR,region
MEA,DZA,region
MEA,YEM,region
MEA,OMN,region
MEA,LBY,region
MEA,BHR,region
MEA,KWT,region
MEA,ARE,region
MEA,JOR,region
MEA,EGY,region
MNA,SYR,region
MNA,DJI,region
MNA,LBY,region
MNA,MAR,region
MNA,DZA,region
MNA,LBN,region
MNA,TUN,region
MNA,YEM,region
MNA,JOR,region
MNA,EGY,region
MNA,IRN,region
MNA,IRQ,region
MNA,PSE,region
NAC,BMU,region
NAC,USA,region
NAC,CAN,region
NAF,LBY,region
NAF,MAR,region
NAF,DZA,region
NAF,TUN,region
NAF,EGY,region
NRS,MWI,region
NRS,CIV,region
NRS,KEN,region
NRS,MDG,region
NRS,STP,region
NRS,CAF,region
NRS,GNB,region
NRS,GMB,region
NRS,BEN,region
NRS,GHA,region
NRS,MOZ,region
NRS,CPV,region
NRS,GIN,region
NRS,ETH,region
NRS,MLI,region
NRS,LSO,region
NRS,SEN,region
NRS,SOM,region
NRS,TZA,region
NRS,SDN,region
NRS,BFA,region
NRS,COM,region
NRS,RWA,region
NRS,TGO,region
NRS,BDI,region
NRS,ERI,region
NRS,CMR,region
OED,HUN,region
OED,SVN,region
OED,EST,region
OED,IRL,region
OED,ISL,region
OED,CHE,region
OED,POL,region
OED,PRT,region
OED,AUT,region
OED,JPN,region
OED,NZL,region
OED,ITA,region
OED,FRA,region
OED,USA,region
OED,DEU,region
OED,ISR,region
OED,GRC,region
OED,CRI,region
OED,CHL,region
OED,AUS,region
OED,KOR,region
OED,LTU,region
OED,FIN,region
OED,SWE,region
OED,NOR,region
OED,GBR,region
OED,CZE,region
OED,BEL,region
OED,DNK,region
OED,MEX,region
OED,ESP,region
OED,CAN,region
OED,LUX,region
OED,COL,region
OED,NLD,region
OED,LVA,region
OED,TUR,region
OED,SVK,region
OSS,EST,region
OSS,SWZ,region
OSS,ISL,region
OSS,CYP,region
OSS,SMR,region
OSS,STP,region
OSS,GNB,region
OSS,GMB,region
OSS,MNE,region
OSS,CPV,region
OSS,DJI,region
OSS,SYC,region
OSS,QAT,region
OSS,MLT,region
OSS,GNQ,region
OSS,GAB,region
OSS,MUS,region
OSS,BWA,region
OSS,LSO,region
OSS,MDV,region
OSS,COM,region
OSS,BHR,region
OSS,TLS,region
OSS,NAM,region
OSS,BRN,region
OSS,BTN,region
PRE,SSD,region
PRE,MWI,region
PRE,CIV,region
PRE,KEN,region
PRE,MDG,region
PRE,CAF,region
PRE,GNB,region
PRE,IRQ,region
PRE,GMB,region
PRE,BEN,region
PRE,MOZ,region
PRE,GIN,region
PRE,GNQ,region
PRE,MLI,region
PRE,COD,region
PRE,NGA,region
PRE,SEN,region
PRE,UGA,region
PRE,SOM,region
PRE,TZA,region
PRE,SDN,region
PRE,AFG,region
PRE,AGO,region
PRE,BFA,region
PRE,MRT,region
PRE,COM,region
PRE,TGO,region
PRE,TLS,region
PRE,TCD,region
PRE,COG,region
PRE,BDI,region
PRE,NER,region
PRE,ZMB,region
PRE,SLE,region
PRE,ERI,region
PRE,LBR,region
PRE,CMR,region
PSS,KIR,region
PSS,MHL,region
PSS,FJI,region
PSS,TON,region
PSS,VUT,region
PSS,PLW,region
PSS,FSM,region
PSS,TUV,region
PSS,WSM,region
PSS,NRU,region
PSS,SLB,region
PST,HUN,region
PST,SVN,region
PST,CHE,region
PST,PRT,region
PST,HKG,region
PST,AUT,region
PST,JPN,region
PST,NZL,region
PST,ITA,region
PST,FRA,region
PST,BGR,region
PST,CUB,region
PST,MLT,region
PST,USA,region
PST,DEU,region
PST,GRC,region
PST,HRV,region
PST,AUS,region
PST,SGP,region
PST,KOR,region
PST,LTU,region
PST,FIN,region
PST,SWE,region
PST,MAC,region
PST,NOR,region
PST,GBR,region
PST,BLR,region
PST,ATG,region
PST,CZE,region
PST,BEL,region
PST,DNK,region
PST,ESP,region
PST,BRB,region
PST,CAN,region
PST,LUX,region
PST,BIH,region
PST,NLD,region
PST,UKR,region
RRS,SSD,region
RRS,GIN,region
RRS,TCD,region
RRS,COG,region
RRS,NER,region
RRS,ZMB,region
RRS,MRT,region
RRS,COD,region
RRS,LBR,region
RRS,NGA,region
RRS,SLE,region
SAS,NPL,region
SAS,MDV,region
SAS,LKA,region
SAS,PAK,region
SAS,AFG,region
SAS,IND,region
SAS,BGD,region
SAS,BTN,region
SSA,SSD,region
SSA,MWI,region
SSA,CIV,region
SSA,SWZ,region
SSA,KEN,region
SSA,MDG,region
SSA,STP,region
SSA,CAF,region
SSA,GNB,region
SSA,GMB,region
SSA,BEN,region
SSA,GHA,region
SSA,MOZ,region
SSA,CPV,region
SSA,GIN,region
SSA,GNQ,region
SSA,ETH,region
SSA,GAB,region
SSA,MLI,region
SSA,MUS,region
SSA,COD,region
SSA,NGA,region
SSA,BWA,region
SSA,LSO,region
SSA,SEN,region
SSA,UGA,region
SSA,SOM,region
SSA,TZA,region
SSA,SDN,region
SSA,ZAF,region
SSA,ZWE,region
SSA,AGO,region
SSA,BFA,region
SSA,MRT,region
SSA,COM,region
SSA,RWA,region
SSA,TGO,region
SSA,TCD,region
SSA,COG,region
SSA,NAM,region
SSA,BDI,region
SSA,NER,region
SSA,ZMB,region
SSA,SLE,region
SSA,ERI,region
SSA,LBR,region
SSA,CMR,region
SSF,SSD,region
SSF,MWI,region
SSF,CIV,region
SSF,SWZ,region
SSF,KEN,region
SSF,MDG,region
SSF,STP,region
SSF,CAF,region
SSF,GNB,region
SSF,GMB,region
SSF,BEN,region
SSF,GHA,region
SSF,MOZ,region
SSF,CPV,region
SSF,SYC,region
SSF,GIN,region
SSF,GNQ,region
SSF,ETH,region
SSF,GAB,region
SSF,MLI,region
SSF,MUS,region
SSF,COD,region
SSF,NGA,region
SSF,BWA,region
SSF,LSO,region
SSF,SEN,region
SSF,UGA,region
SSF,SOM,region
SSF,TZA,region
SSF,SDN,region
SSF,ZAF,region
SSF,ZWE,region
SSF,AGO,region
SSF,BFA,region
SSF,MRT,region
SSF,COM,region
SSF,RWA,region
SSF,TGO,region
SSF,TCD,region
SSF,COG,region
SSF,NAM,region
SSF,BDI,region
SSF,NER,region
SSF,ZMB,region
SSF,SLE,region
SSF,ERI,region
SSF,LBR,region
SSF,CMR,region
SST,MHL,region
SST,EST,region
SST,GRD,region
SST,VUT,region
SST,KNA,region
SST,ISL,region
SST,SWZ,region
SST,CYP,region
SST,JAM,region
SST,FSM,region
SST,SMR,region
SST,STP,region
SST,TUV,region
SST,GNB,region
SST,WSM,region
SST,GMB,region
SST,TTO,region
SST,KIR,region
SST,MNE,region
SST,FJI,region
SST,CPV,region
SST,DJI,region
SST,SYC,region
SST,QAT,region
SST,MLT,region
SST,GNQ,region
SST,GAB,region
SST,MUS,region
SST,BLZ,region
SST,BWA,region
SST,DMA,region
SST,LSO,region
SST,LCA,region
SST,TON,region
SST,GUY,region
SST,MDV,region
SST,ATG,region
SST,NRU,region
SST,SLB,region
SST,COM,region
SST,BHR,region
SST,TLS,region
SST,BRB,region
SST,NAM,region
SST,PLW,region
SST,SUR,region
SST,VCT,region
SST,BRN,region
SST,BTN,region
SST,BHS,region
SXZ,SSD,region
SXZ,MWI,region
SXZ,CIV,region
SXZ,SWZ,region
SXZ,KEN,region
SXZ,MDG,region
SXZ,STP,region
SXZ,CAF,region
SXZ,GNB,region
SXZ,GMB,region
SXZ,BEN,region
SXZ,GHA,region
SXZ,MOZ,region
SXZ,CPV,region
SXZ,SYC,region
SXZ,GIN,region
SXZ,GNQ,region
SXZ,ETH,region
SXZ,GAB,region
SXZ,MLI,region
SXZ,MUS,region
SXZ,COD,region
SXZ,NGA,region
SXZ,BWA,region
SXZ,LSO,region
SXZ,SEN,region
SXZ,UGA,region
SXZ,SOM,region
SXZ,TZA,region
SXZ,SDN,region
SXZ,ZWE,region
SXZ,AGO,region
SXZ,BFA,region
SXZ,MRT,region
SXZ,COM,region
SXZ,RWA,region
SXZ,TGO,region
SXZ,TCD,region
SXZ,COG,region
SXZ,NAM,region
SXZ,BDI,region
SXZ,NER,region
SXZ,ZMB,region
SXZ,SLE,region
SXZ,ERI,region
SXZ,LBR,region
SXZ,CMR,region
XZN,SSD,region
XZN,MWI,region
XZN,CIV,region
XZN,SWZ,region
XZN,KEN,region
XZN,MDG,region
XZN,STP,region
XZN,CAF,region
XZN,GNB,region
XZN,GMB,region
XZN,BEN,region
XZN,GHA,region
XZN,MOZ,region
XZN,CPV,region
XZN,SYC,region
XZN,GIN,region
XZN,GNQ,region
XZN,ETH,region
XZN,GAB,region
XZN,MLI,region
XZN,MUS,region
XZN,COD,region
XZN,BWA,region
XZN,LSO,region
XZN,SEN,region
XZN,UGA,region
XZN,SOM,region
XZN,TZA,region
XZN,SDN,region
XZN,ZWE,region
XZN,AGO,region
XZN,BFA,region
XZN,MRT,region
XZN,COM,region
XZN,RWA,region
XZN,TGO,region
XZN,TCD,region
XZN,COG,region
XZN,NAM,region
XZN,BDI,region
XZN,NER,region
XZN,ZMB,region
XZN,SLE,region
XZN,ERI,region
XZN,LBR,region
XZN,CMR,region
HIC,CHI,income
HIC,EST,income
HIC,ISL,income
HIC,ABW,income
HIC,NZL,income
HIC,FRA,income
HIC,SYC,income
HIC,QAT,income
HIC,ISR,income
HIC,CHL,income
HIC,FIN,income
HIC,BMU,income
HIC,CYM,income
HIC,OMN,income
HIC,VIR,income
HIC,KWT,income
HIC,ESP,income
HIC,LUX,income
HIC,LVA,income
HIC,BHS,income
HIC,GRL,income
HIC,SAU,income
HIC,LIE,income
HIC,FRO,income
HIC,IMN,income
HIC,ITA,income
HIC,NCL,income
HIC,DEU,income
HIC,GIB,income
HIC,MCO,income
HIC,SGP,income
HIC,LTU,income
HIC,GBR,income
HIC,CZE,income
HIC,BHR,income
HIC,TCA,income
HIC,AND,income
HIC,IRL,income
HIC,CHE,income
HIC,POL,income
HIC,HKG,income
HIC,AUT,income
HIC,SMR,income
HIC,JPN,income
HIC,TTO,income
HIC,VGB,income
HIC,AUS,income
HIC,SWE,income
HIC,PYF,income
HIC,URY,income
HIC,MAC,income
HIC,NOR,income
HIC,MNP,income
HIC,ATG,income
HIC,BEL,income
HIC,SXM,income
HIC,DNK,income
HIC,ARE,income
HIC,PRI,income
HIC,BRB,income
HIC,CAN,income
HIC,NLD,income
HIC,HUN,income
HIC,SVN,income
HIC,KNA,income
HIC,GUM,income
HIC,CYP,income
HIC,PRT,income
HIC,MLT,income
HIC,USA,income
HIC,GRC,income
HIC,HRV,income
HIC,MAF,income
HIC,CUW,income
HIC,KOR,income
HIC,TWN,income
HIC,NRU,income
HIC,PLW,income
HIC,BRN,income
HIC,SVK,income
INX,VEN,income
LIC,SSD,income
LIC,MWI,income
LIC,MDG,income
LIC,CAF,income
LIC,GNB,income
LIC,GMB,income
LIC,MOZ,income
LIC,GIN,income
LIC,ETH,income
LIC,MLI,income
LIC,COD,income
LIC,PRK,income
LIC,SYR,income
LIC,UGA,income
LIC,SOM,income
LIC,SDN,income
LIC,YEM,income
LIC,AFG,income
LIC,BFA,income
LIC,RWA,income
LIC,TGO,income
LIC,TCD,income
LIC,BDI,income
LIC,NER,income
LIC,SLE,income
LIC,ERI,income
LIC,LBR,income
LMC,VUT,income
LMC,CIV,income
LMC,PHL,income
LMC,SWZ,income
LMC,KEN,income
LMC,TUN,income
LMC,UZB,income
LMC,SLV,income
LMC,IND,income
LMC,FSM,income
LMC,TJK,income
LMC,PNG,income
LMC,MNG,income
LMC,STP,income
LMC,NPL,income
LMC,KHM,income
LMC,WSM,income
LMC,VNM,income
LMC,PSE,income
LMC,BEN,income
LMC,GHA,income
LMC,KIR,income
LMC,MMR,income
LMC,CPV,income
LMC,DJI,income
LMC,MAR,income
LMC,HTI,income
LMC,BLZ,income
LMC,BGD,income
LMC,IRN,income
LMC,NIC,income
LMC,NGA,income
LMC,KGZ,income
LMC,LSO,income
LMC,SEN,income
LMC,DZA,income
LMC,LKA,income
LMC,TZA,income
LMC,ZWE,income
LMC,AGO,income
LMC,MRT,income
LMC,BOL,income
LMC,SLB,income
LMC,COM,income
LMC,TLS,income
LMC,PAK,income
LMC,HND,income
LMC,IDN,income
LMC,COG,income
LMC,EGY,income
LMC,ZMB,income
LMC,LAO,income
LMC,BTN,income
LMC,UKR,income
LMC,CMR,income
LMY,ARM,income
LMY,MWI,income
LMY,VUT,income
LMY,PHL,income
LMY,JAM,income
LMY,ECU,income
LMY,MNG,income
LMY,PNG,income
LMY,RUS,income
LMY,GNB,income
LMY,KHM,income
LMY,TKM,income
LMY,BEN,income
LMY,BGR,income
LMY,CUB,income
LMY,ALB,income
LMY,CRI,income
LMY,PRK,income
LMY,NGA,income
LMY,BWA,income
LMY,MYS,income
LMY,AFG,income
LMY,ZAF,income
LMY,GTM,income
LMY,AGO,income
LMY,SLB,income
LMY,LBY,income
LMY,TCD,income
LMY,HND,income
LMY,ARG,income
LMY,NAM,income
LMY,PAN,income
LMY,PRY,income
LMY,VCT,income
LMY,AZE,income
LMY,BTN,income
LMY,LBR,income
LMY,CMR,income
LMY,MDG,income
LMY,TJK,income
LMY,TUV,income
LMY,PSE,income
LMY,GHA,income
LMY,KIR,income
LMY,FJI,income
LMY,MOZ,income
LMY,CPV,income
LMY,GIN,income
LMY,HTI,income
LMY,LBN,income
LMY,ETH,income
LMY,GAB,income
LMY,MUS,income
LMY,GEO,income
LMY,DMA,income
LMY,SEN,income
LMY,SYR,income
LMY,DZA,income
LMY,SOM,income
LMY,SDN,income
LMY,SRB,income
LMY,YEM,income
LMY,GUY,income
LMY,MRT,income
LMY,BLR,income
LMY,TGO,income
LMY,PAK,income
LMY,IDN,income
LMY,COG,income
LMY,BDI,income
LMY,UKR,income
LMY,MHL,income
LMY,SSD,income
LMY,KEN,income
LMY,FSM,income
LMY,XKX,income
LMY,WSM,income
LMY,VNM,income
LMY,GMB,income
LMY,MAR,income
LMY,CHN,income
LMY,IRN,income
LMY,UGA,income
LMY,LKA,income
LMY,TZA,income
LMY,ZWE,income
LMY,COM,income
LMY,ROU,income
LMY,MEX,income
LMY,JOR,income
LMY,EGY,income
LMY,ZMB,income
LMY,SLE,income
LMY,LAO,income
LMY,CIV,income
LMY,ERI,income
LMY,MDA,income
LMY,GRD,income
LMY,TUN,income
LMY,SWZ,income
LMY,UZB,income
LMY,SLV,income
LMY,IND,income
LMY,STP,income
LMY,CAF,income
LMY,DOM,income
LMY,NPL,income
LMY,IRQ,income
LMY,MNE,income
LMY,KAZ,income
LMY,MMR,income
LMY,DJI,income
LMY,GNQ,income
LMY,MLI,income
LMY,ASM,income
LMY,BLZ,income
LMY,BGD,income
LMY,COD,income
LMY,NIC,income
LMY,KGZ,income
LMY,LSO,income
LMY,LCA,income
LMY,TON,income
LMY,BRA,income
LMY,BFA,income
LMY,MDV,income
LMY,BOL,income
LMY,RWA,income
LMY,THA,income
LMY,PER,income
LMY,TLS,income
LMY,MKD,income
LMY,SUR,income
LMY,COL,income
LMY,BIH,income
LMY,NER,income
LMY,TUR,income
MIC,ARM,income
MIC,VUT,income
MIC,PHL,income
MIC,JAM,income
MIC,ECU,income
MIC,MNG,income
MIC,PNG,income
MIC,RUS,income
MIC,KHM,income
MIC,TKM,income
MIC,BEN,income
MIC,BGR,income
MIC,CUB,income
MIC,ALB,income
MIC,CRI,income
MIC,NGA,income
MIC,BWA,income
MIC,MYS,income
MIC,ZAF,income
MIC,GTM,income
MIC,AGO,income
MIC,SLB,income
MIC,LBY,income
MIC,HND,income
MIC,ARG,income
MIC,NAM,income
MIC,PAN,income
MIC,PRY,income
MIC,VCT,income
MIC,AZE,income
MIC,BTN,income
MIC,CMR,income
MIC,TJK,income
MIC,TUV,income
MIC,PSE,income
MIC,GHA,income
MIC,KIR,income
MIC,FJI,income
MIC,CPV,income
MIC,HTI,income
MIC,LBN,income
MIC,GAB,income
MIC,MUS,income
MIC,GEO,income
MIC,DMA,income
MIC,SEN,income
MIC,DZA,income
MIC,SRB,income
MIC,GUY,income
MIC,MRT,income
MIC,BLR,income
MIC,PAK,income
MIC,IDN,income
MIC,COG,income
MIC,UKR,income
MIC,MHL,income
MIC,KEN,income
MIC,FSM,income
MIC,XKX,income
MIC,WSM,income
MIC,VNM,income
MIC,MAR,income
MIC,CHN,income
MIC,IRN,income
MIC,LKA,income
MIC,TZA,income
MIC,ZWE,income
MIC,COM,income
MIC,ROU,income
MIC,MEX,income
MIC,JOR,income
MIC,EGY,income
MIC,ZMB,income
MIC,LAO,income
MIC,CIV,income
MIC,MDA,income
MIC,GRD,income
MIC,TUN,income
MIC,SWZ,income
MIC,UZB,income
MIC,SLV,income
MIC,IND,income
MIC,STP,income
MIC,DOM,income
MIC,NPL,income
MIC,IRQ,income
MIC,MNE,income
MIC,KAZ,income
MIC,MMR,income
MIC,DJI,income
MIC,GNQ,income
MIC,ASM,income
MIC,BLZ,income
MIC,BGD,income
MIC,NIC,income
MIC,KGZ,income
MIC,LSO,income
MIC,LCA,income
MIC,TON,income
MIC,BRA,income
MIC,MDV,income
MIC,BOL,income
MIC,THA,income
MIC,PER,income
MIC,TLS,income
MIC,MKD,income
MIC,SUR,income
MIC,COL,income
MIC,BIH,income
MIC,TUR,income
UMC,MDA,income
UMC,MHL,income
UMC,ARM,income
UMC,GRD,income
UMC,JAM,income
UMC,ECU,income
UMC,DOM,income
UMC,RUS,income
UMC,TUV,income
UMC,XKX,income
UMC,IRQ,income
UMC,TKM,income
UMC,MNE,income
UMC,KAZ,income
UMC,BGR,income
UMC,FJI,income
UMC,CUB,income
UMC,LBN,income
UMC,ALB,income
UMC,GNQ,income
UMC,CHN,income
UMC,GAB,income
UMC,ASM,income
UMC,MUS,income
UMC,CRI,income
UMC,GEO,income
UMC,BWA,income
UMC,DMA,income
UMC,MYS,income
UMC,LCA,income
UMC,TON,income
UMC,SRB,income
UMC,ZAF,income
UMC,BRA,income
UMC,GUY,income
UMC,GTM,income
UMC,MDV,income
UMC,BLR,income
UMC,ROU,income
UMC,THA,income
UMC,PER,income
UMC,LBY,income
UMC,MEX,income
UMC,JOR,income
UMC,MKD,income
UMC,ARG,income
UMC,NAM,income
UMC,COL,income
UMC,BIH,income
UMC,PAN,income
UMC,PRY,income
UMC,SUR,income
UMC,VCT,income
UMC,AZE,income
UMC,TUR,income
IBD,MDA,lending
IBD,ARM,lending
IBD,PHL,lending
IBD,KNA,lending
IBD,SWZ,lending
IBD,POL,lending
IBD,TUN,lending
IBD,JAM,lending
IBD,SLV,lending
IBD,IND,lending
IBD,ECU,lending
IBD,DOM,lending
IBD,MNG,lending
IBD,RUS,lending
IBD,UKR,lending
IBD,IRQ,lending
IBD,VNM,lending
IBD,TKM,lending
IBD,TTO,lending
IBD,MNE,lending
IBD,KAZ,lending
IBD,BGR,lending
IBD,SYC,lending
IBD,MAR,lending
IBD,LBN,lending
IBD,ALB,lending
IBD,GNQ,lending
IBD,CHN,lending
IBD,GAB,lending
IBD,MUS,lending
IBD,CRI,lending
IBD,CHL,lending
IBD,BLZ,lending
IBD,HRV,lending
IBD,IRN,lending
IBD,GEO,lending
IBD,VEN,lending
IBD,BWA,lending
IBD,MYS,lending
IBD,DZA,lending
IBD,LKA,lending
IBD,URY,lending
IBD,SRB,lending
IBD,ZAF,lending
IBD,BRA,lending
IBD,GTM,lending
IBD,AGO,lending
IBD,BLR,lending
IBD,ATG,lending
IBD,BOL,lending
IBD,NRU,lending
IBD,ROU,lending
IBD,THA,lending
IBD,PER,lending
IBD,LBY,lending
IBD,MEX,lending
IBD,IDN,lending
IBD,JOR,lending
IBD,MKD,lending
IBD,ARG,lending
IBD,EGY,lending
IBD,COL,lending
IBD,BIH,lending
IBD,NAM,lending
IBD,PAN,lending
IBD,PLW,lending
IBD,PRY,lending
IBD,SUR,lending
IBD,AZE,lending
IBD,TUR,lending
IDB,FJI,lending
IDB,DMA,lending
IDB,CPV,lending
IDB,GRD,lending
IDB,LCA,lending
IDB,TLS,lending
IDB,KEN,lending
IDB,PAK,lending
IDB,UZB,lending
IDB,COG,lending
IDB,ZWE,lending
IDB,PNG,lending
IDB,VCT,lending
IDB,NGA,lending
IDB,CMR,lending
IDX,BTN,lending
IDX,MHL,lending
IDX,SSD,lending
IDX,MWI,lending
IDX,CIV,lending
IDX,VUT,lending
IDX,MDG,lending
IDX,FSM,lending
IDX,TJK,lending
IDX,STP,lending
IDX,CAF,lending
IDX,TUV,lending
IDX,NPL,lending
IDX,GNB,lending
IDX,KHM,lending
IDX,WSM,lending
IDX,XKX,lending
IDX,GMB,lending
IDX,BEN,lending
IDX,GHA,lending
IDX,KIR,lending
IDX,MMR,lending
IDX,MOZ,lending
IDX,DJI,lending
IDX,GIN,lending
IDX,HTI,lending
IDX,ETH,lending
IDX,MLI,lending
IDX,BGD,lending
IDX,COD,lending
IDX,NIC,lending
IDX,KGZ,lending
IDX,LSO,lending
IDX,SEN,lending
IDX,SYR,lending
IDX,TON,lending
IDX,UGA,lending
IDX,SOM,lending
IDX,TZA,lending
IDX,SDN,lending
IDX,YEM,lending
IDX,AFG,lending
IDX,GUY,lending
IDX,BFA,lending
IDX,MRT,lending
IDX,MDV,lending
IDX,SLB,lending
IDX,COM,lending
IDX,RWA,lending
IDX,TGO,lending
IDX,TCD,lending
IDX,HND,lending
IDX,BDI,lending
IDX,NER,lending
IDX,ZMB,lending
IDX,SLE,lending
IDX,LAO,lending
IDX,ERI,lending
IDX,LBR,lending
LNX,HUN,lending
LNX,SVN,lending
LNX,CHI,lending
LNX,GRL,lending
LNX,EST,lending
LNX,SAU,lending
LNX,IRL,lending
LNX,GUM,lending
LNX,CHE,lending
LNX,ISL,lending
LNX,CYP,lending
LNX,PRT,lending
LNX,HKG,lending
LNX,AUT,lending
LNX,LIE,lending
LNX,JPN,lending
LNX,ABW,lending
LNX,SMR,lending
LNX,FRO,lending
LNX,PSE,lending
LNX,NZL,lending
LNX,IMN,lending
LNX,ITA,lending
LNX,NCL,lending
LNX,FRA,lending
LNX,CUB,lending
LNX,QAT,lending
LNX,MLT,lending
LNX,USA,lending
LNX,DEU,lending
LNX,GIB,lending
LNX,ISR,lending
LNX,GRC,lending
LNX,VGB,lending
LNX,ASM,lending
LNX,MCO,lending
LNX,MAF,lending
LNX,AUS,lending
LNX,CUW,lending
LNX,SGP,lending
LNX,PRK,lending
LNX,KOR,lending
LNX,AND,lending
LNX,TWN,lending
LNX,LTU,lending
LNX,FIN,lending
LNX,SWE,lending
LNX,BMU,lending
LNX,PYF,lending
LNX,MAC,lending
LNX,NOR,lending
LNX,MNP,lending
LNX,GBR,lending
LNX,CYM,lending
LNX,CZE,lending
LNX,BEL,lending
LNX,SXM,lending
LNX,DNK,lending
LNX,OMN,lending
LNX,VIR,lending
LNX,BHR,lending
LNX,KWT,lending
LNX,ARE,lending
LNX,ESP,lending
LNX,PRI,lending
LNX,BRB,lending
LNX,CAN,lending
LNX,LUX,lending
LNX,NLD,lending
LNX,TCA,lending
LNX,LVA,lending
LNX,BRN,lending
LNX,SVK,lending
LNX,BHS,lending
